result;energy_by_token;index;is_timeout;file_id;speaker_name;speaker_party;speech_text;jaar;date;kamer;category;title;url;meta_url;vergadernummer;standardized_name;speech_text_en;final_label;found_fallacy;count;average_confidence;highest_confidence;lowest_confidence;mention_names;mention_types;mention_quotes;mention_categories;fallacy_quote;fallacy_explanation;fallacy_local_topic;fallacy_target;fallacy_explicitness;fallacy_confidence;speech_relation_type;speech_relation_justification;speech_relation_confidence;partial_output
"{'status': 'timeout', 'raw_result': {'timeout_error': 'Inference timed out after 240 seconds', 'is_timeout': True, 'partial_output': '{\n  ""mentions"": [\n    {\n      ""name"": ""de minister"",\n      ""type"": ""person"",\n      ""quote"": ""de minister"",\n      ""mention_category"": ""disagreeing""\n    },\n    {\n      ""name"": ""de minister"",\n      ""type"": ""person"",\n      ""quote"": ""de minister"",\n      ""mention_category"": ""disagreeing""\n    },\n    {\n      ""name"": ""de minister"",\n      ""type"": ""person"",\n      ""quote"": ""de minister"",\n      ""mention_category"": ""disagreeing""\n    },\n    {\n      ""name"": ""de minister"",\n      ""type"": ""person"",\n      ""quote"": ... [truncated]'}}";0;0;1;h-tk-20152016-57-7;De heer Omtzigt;CDA;"Voorzitter, aanvullend. We kunnen de minister gewoon vragen om niet onder de WOB, maar onder artikel 68 van de Grondwet een besluit te nemen. Dan moet hij ons vertellen wat hiervan openbaar gemaakt kan worden. Wat we nu hebben gezien, is helemaal wit gemaakt. Er staat wel één interessante zin in, namelijk: ""Gaat ermee akkoord dat in de wetstekst de reikwijdte van de regeling expliciet wordt beperkt tot banken. Dat geeft een groot staatssteunrisico."" Dat stukje is de minister vergeten wit te maken. Daar gaat het hele dossier over; voor de rest is het allemaal wit gemaakt.
Het gaat waarschijnlijk over een boete van 500 miljoen. Wij zouden daarom graag dat besluit voor 18.00 uur ontvangen. Daarbij zou ik graag de andere mails en stukken over het staatssteunrisico die intern beschikbaar waren, ontvangen. Verder is het heel belangrijk dat wij de communicatie krijgen van de afgelopen twee jaar tussen de Europese Commissie en de Nederlandse regering tot het moment dat de vertrouwelijke procedure begon. Die communicatie kan ook naar de Kamer worden gestuurd.";2015-2016;18-2-2016;tk;handelingen;7 Regeling van werkzaamheden;https://zoek.officielebekendmakingen.nl/h-tk-20152016-57-7.html;https://zoek.officielebekendmakingen.nl/h-tk-20152016-57-7.xml;nr. 57, item 7;omtzigt;"Chairman, additionally. We can simply ask the minister not to make a decision under the WOB, but under Article 68 of the Constitution. Then he must tell us what of this can be made public. What we have now seen has been made completely white. It does contain one interesting sentence, namely: ""Agrees that the legal text explicitly limits the scope of the scheme to banks. This poses a major state aid risk."" The minister forgot to whiten that part. That's what the whole file is about; the rest is all white.
It is probably a fine of 500 million. We would therefore like to receive that decision before 6 p.m. I would also like to receive the other emails and documents about the state aid risk that were available internally. Furthermore, it is very important that we receive communications from the past two years between the European Commission and the Dutch government until the confidential procedure began. That communication can also be sent to the House.";0;-1;-1;-1.0;-1.0;-1.0;[TIMEOUT];[TIMEOUT];[TIMEOUT];[TIMEOUT];[TIMEOUT];[TIMEOUT];[TIMEOUT];[TIMEOUT];[TIMEOUT];[TIMEOUT];[TIMEOUT];[TIMEOUT];-1.0;"{
  ""mentions"": [
    {
      ""name"": ""de minister"",
      ""type"": ""person"",
      ""quote"": ""de minister"",
      ""mention_category"": ""disagreeing""
    },
    {
      ""name"": ""de minister"",
      ""type"": ""person"",
      ""quote"": ""de minister"",
      ""mention_category"": ""disagreeing""
    },
    {
      ""name"": ""de minister"",
      ""type"": ""person"",
      ""quote"": ""de minister"",
      ""mention_category"": ""disagreeing""
    },
    {
      ""name"": ""de minister"",
      ""type"": ""person"",
      ""quote"": "
{'mentions': [], 'found_fallacy': [], 'summary': {'count': 0, 'average_confidence': 0.0, 'highest_confidence': 0.0, 'lowest_confidence': 0.0}, 'speech_relation': {'type': 'independent', 'justification': 'The statement does not reference any previous speaker or their arguments.', 'confidence': 1.0}};0;1;0;h-tk-20152016-76-7;Mevrouw Thieme;PvdD;Ah, ik ben ook niet gebeld.;2015-2016;13-4-2016;tk;handelingen;7 Uitslag raadgevend referendum associatieverdrag met Oekraïne;https://zoek.officielebekendmakingen.nl/h-tk-20152016-76-7.html;https://zoek.officielebekendmakingen.nl/h-tk-20152016-76-7.xml;nr. 76, item 7;thieme;Ah, I didn't get a call either.;0;0;0;0.0;0.0;0.0;;;;;;;;;;;independent;The statement does not reference any previous speaker or their arguments.;1.0;
{'mentions': [], 'found_fallacy': [], 'summary': {'count': 0, 'average_confidence': 0.0, 'highest_confidence': 0.0, 'lowest_confidence': 0.0}, 'speech_relation': {'type': 'independent', 'justification': 'The speech does not reference any previous speaker or their arguments.', 'confidence': 1.0}};0;2;0;h-tk-20152016-55-32;Mevrouw Voortman;GroenLinks;Steun voor de brief en steun voor het debat.;2015-2016;16-2-2016;tk;handelingen;32 Regeling van werkzaamheden;https://zoek.officielebekendmakingen.nl/h-tk-20152016-55-32.html;https://zoek.officielebekendmakingen.nl/h-tk-20152016-55-32.xml;nr. 55, item 32;voortman;Support for the letter and support for the debate.;0;0;0;0.0;0.0;0.0;;;;;;;;;;;independent;The speech does not reference any previous speaker or their arguments.;1.0;
"{'mentions': [{'name': 'Halbe Zijlstra', 'type': 'person', 'quote': 'de heer Zijlstra', 'mention_category': 'disagreeing'}, {'name': 'Diederik Samsom', 'type': 'person', 'quote': 'collega Pechtold', 'mention_category': 'neutral'}, {'name': 'D66', 'type': 'party', 'quote': 'de oppositie', 'mention_category': 'agreeing'}], 'found_fallacy': [{'quote': 'Misschien moet de heer Zijlstra, zoals hijzelf ook al suggereerde, in de Handelingen maar eens teruglezen wat de heer Pechtold precies zei. Dat lijkt mij verstandig. Ik zie de heer Zijlstra gebaren dat hij dat niet gaat doen, maar ik raad hem aan om dat toch wél te doen.', 'explanation': ""The speaker suggests that Zijlstra should reread the official records to understand Pechtold's statements, implying Zijlstra is either unwilling or unable to comprehend the information correctly."", 'confidence': 0.8, 'local_topic': 'clarification of previous statements', 'target': 'Halbe Zijlstra', 'explicitness': 'implicit'}], 'summary': {'count': 1, 'average_confidence': 0.8, 'highest_confidence': 0.8, 'lowest_confidence': 0.8}, 'speech_relation': {'type': 'response', 'justification': 'The speaker is directly addressing and responding to statements made by Halbe Zijlstra.', 'confidence': 0.9}}";0;3;0;h-tk-20152016-54-12;De heer Sjoerdsma;D66;"Misschien moet de heer Zijlstra, zoals hijzelf ook al suggereerde, in de Handelingen maar eens teruglezen wat de heer Pechtold precies zei. Dat lijkt mij verstandig. Ik zie de heer Zijlstra gebaren dat hij dat niet gaat doen, maar ik raad hem aan om dat toch wél te doen. Dan kan hij precies lezen wat collega Pechtold zei over wat er bij ambtenaren van Algemene Zaken bekend was.
Toch nog even iets over die opvang in de regio. De heer Zijlstra claimt die als zijn alleenrecht, maar ik denk dat elke partij in de Kamer opvang in de regio belangrijk vindt. En dat is het niet alleen. Aan het eind van dit debat wil ik ook nog wel even hebben gezegd dat het zijn kabinet was dat een miljard heeft bezuinigd op ontwikkelingssamenwerking, iets wat juist zo cruciaal is voor opvang in de regio. Mede dankzij de oppositie is daar nu een heleboel aan gedaan. Dat is goed, maar het is de vraag of het voldoende is.";2015-2016;11-2-2016;tk;handelingen;12 Instroom van asielzoekers;https://zoek.officielebekendmakingen.nl/h-tk-20152016-54-12.html;https://zoek.officielebekendmakingen.nl/h-tk-20152016-54-12.xml;nr. 54, item 12;sjoerdsma;"Perhaps Mr Zijlstra should, as he himself suggested, read back in the Acts what exactly Mr Pechtold said. That seems sensible to me. I see Mr Zijlstra gesturing that he is not going to do that, but I advise him to do so anyway. Then he can read exactly what colleague Pechtold said about what was known to General Affairs officials.
Just something about the reception in the region. Mr Zijlstra claims this as his exclusive right, but I think that every party in the House considers shelter in the region important. And it's not just that. At the end of this debate I would also like to say that it was his cabinet that cut one billion in development cooperation, something that is so crucial for reception in the region. Partly thanks to the opposition, a lot has now been done about this. That is good, but the question is whether it is enough.";1;1;1;0.8;0.8;0.8;Halbe Zijlstra|||Diederik Samsom|||D66;person|||person|||party;de heer Zijlstra|||collega Pechtold|||de oppositie;disagreeing|||neutral|||agreeing;Misschien moet de heer Zijlstra, zoals hijzelf ook al suggereerde, in de Handelingen maar eens teruglezen wat de heer Pechtold precies zei. Dat lijkt mij verstandig. Ik zie de heer Zijlstra gebaren dat hij dat niet gaat doen, maar ik raad hem aan om dat toch wél te doen.;The speaker suggests that Zijlstra should reread the official records to understand Pechtold's statements, implying Zijlstra is either unwilling or unable to comprehend the information correctly.;clarification of previous statements;Halbe Zijlstra;implicit;0.8;response;The speaker is directly addressing and responding to statements made by Halbe Zijlstra.;0.9;
{'mentions': [], 'found_fallacy': [], 'summary': {'count': 0, 'average_confidence': 0.0, 'highest_confidence': 0.0, 'lowest_confidence': 0.0}, 'speech_relation': {'type': 'independent', 'justification': 'The speech is too short to determine if it is a response to a previous speaker.', 'confidence': 0.9}};0;4;0;h-tk-20152016-35-13;De heer Van der Staaij;SGP;Steun.;2015-2016;9-12-2015;tk;handelingen;13 Extra regeling van werkzaamheden;https://zoek.officielebekendmakingen.nl/h-tk-20152016-35-13.html;https://zoek.officielebekendmakingen.nl/h-tk-20152016-35-13.xml;nr. 35, item 13;van der van der staaij;Support.;0;0;0;0.0;0.0;0.0;;;;;;;;;;;independent;The speech is too short to determine if it is a response to a previous speaker.;0.9;
